id,answer1,answer2,img_id,quiz_id
114,1,3,5381067458,20
115,1,3,60685611,20
116,2,3,2537137968,20
117,2,4,5134192209,20
118,3,2,1707702759,20
119,2,3,445798502,21
120,1,3,2368645814,21
121,2,3,457559088,21
122,2,3,2368186240,21
123,1,2,5836292727,21
124,2,2,2453466204,21
125,2,2,5505717309,21
126,2,2,587986,21
127,2,3,1707671665,21
128,2,2,4636394712,21
129,1,3,4251744626,22
130,2,2,1861162824,22
131,2,3,6334110850,22
132,2,4,431359357,22
133,1,3,4511170989,22
134,2,4,2522075527,22
135,1,3,1464777101,22
136,2,2,148623754,22
137,2,3,60686029,23
138,1,3,2391261455,22
139,1,4,81328392,23
140,2,2,60634918,22
141,2,2,2391088205,23
142,2,2,5381067458,23
143,1,4,2390933487,23
144,2,5,3400696852,23
145,2,2,4464206528,24
146,2,4,434003360,24
147,1,4,4251881446,23
148,2,3,5062832309,23
149,2,2,145213151,24
150,2,2,433999746,24
151,3,2,457046790,24
152,3,2,2388985802,24
153,2,4,5693148271,23
154,1,3,1861162824,23
155,2,3,4511232860,24
156,2,3,1955039930,24
157,2,4,4251881446,24
158,2,3,457559088,24
159,2,3,60686029,26
160,2,3,4511233398,26
161,2,3,5381067458,26
162,2,2,458823898,26
163,3,3,3241673971,26
164,1,3,1955039930,27
165,2,4,4511232860,27
166,1,3,2391261455,27
167,1,3,60685603,27
168,1,3,3713147155,27
169,1,3,3975949167,27
170,1,3,2428741854,27
171,2,2,5693148271,27
172,2,3,434003360,27
173,1,3,5381067458,27
174,2,3,433999397,28
175,3,3,3400696852,29
176,2,3,1417693202,29
177,2,4,2388985802,29
178,1,3,4511232877,29
179,1,3,145213151,29
180,1,3,2577302644,30
181,2,3,2614771233,30
182,2,3,4011418243,30
183,1,3,1464777101,30
184,2,4,5007575716,30
185,2,2,2391088205,30
186,1,3,3241673971,30
187,2,2,4511232877,30
188,3,5,2395144766,30
189,2,4,587986,30
190,2,2,4661263973,31
191,2,2,2537137968,31
192,3,4,433999397,31
193,2,3,2880899702,32
194,1,3,661211979,32
195,2,2,445062416,32
196,2,3,4636394712,32
197,1,3,3691961520,32
198,2,4,4720621350,32
199,2,5,5380800139,32
200,3,4,155430742,32
201,1,3,3511262197,32
202,2,4,5619807558,32
203,2,4,1953466373,26
204,2,3,4251881446,26
205,3,2,462002040,26
206,3,2,661212085,26
207,2,4,2453626790,26
208,2,2,445798502,33
209,3,4,4210971649,33
210,3,5,60685762,33
211,2,3,4511369377,33
212,2,3,2453466204,33
213,2,2,4251881446,33
214,3,4,462002040,33
215,3,5,433999397,33
216,3,4,457046790,33
217,3,2,445062416,33
218,3,2,155430742,34
219,2,2,5836292727,34
220,2,4,4617477446,34
221,3,1,433999397,34
222,2,2,4636394712,34
223,2,2,4210971649,34
224,1,2,1861162824,34
225,3,2,2388985802,34
226,2,2,431359357,34
227,2,4,4171939998,34
228,1,3,1955039930,35
229,2,4,433999397,35
230,2,2,4503375511,35
231,2,2,1707702759,35
232,1,3,2466086489,35
233,1,3,2615152015,35
234,2,2,1707702759,35
235,1,3,60686029,35
236,2,4,151237840,35
237,3,1,587986,35
238,1,3,5505717309,37
239,1,3,2368186240,37
240,3,1,462002040,37
241,2,4,587986,37
242,2,4,1944519979,37
243,1,3,661211979,37
244,2,2,5062832309,37
245,3,5,151237840,37
246,1,3,2456171474,37
247,2,2,457566799,37
248,2,2,5134192209,39
249,1,3,60641511,39
250,2,3,3691961520,39
251,1,3,2352453475,39
252,2,3,2578181684,39
253,1,3,4210971649,39
254,1,3,60641511,39
255,1,3,457039470,39
256,2,2,2388985802,39
257,1,3,5062832309,39
258,1,3,431359357,40
259,1,3,4617477446,40
260,2,3,2447177930,40
261,1,3,3691961520,40
262,1,3,2615152015,40
263,2,2,4169839095,40
264,1,3,2577302644,40
265,2,3,5619807558,40
266,1,3,661211979,40
267,2,3,1832159388,40
268,2,3,151237840,41
269,1,3,5836292727,41
270,1,3,81328392,41
271,2,3,5381067458,41
272,1,3,2537137968,41
273,2,2,1953466373,41
274,1,3,4511233393,41
275,3,4,158849289,42
276,1,3,4210971649,41
277,1,3,3691961520,41
278,1,3,4511232877,41
279,1,3,2352453475,42
280,2,4,60685603,42
281,2,2,5381067458,42
282,2,2,145213151,42
283,1,4,2352453475,42
284,2,4,81328392,42
285,2,2,4011418243,42
286,3,2,1707702759,42
287,3,2,2368186240,42
288,2,2,457566799,47
289,1,3,433999746,47
290,2,2,445798502,47
291,3,4,2429561600,47
292,2,3,2578181684,47
293,3,2,2522075527,47
294,3,2,4251744626,47
295,1,3,4511233393,47
296,2,3,2390933487,47
297,3,4,4210971649,47
298,2,4,434003360,44
299,2,3,158844652,49
300,1,3,60685611,49
301,1,3,445798502,49
302,2,3,457566799,49
303,2,3,145213151,49
304,2,3,5381067458,49
305,2,3,4511233398,49
306,1,3,4511232860,49
307,1,4,4464206528,43
308,3,2,155430742,49
309,1,3,158849289,49
310,2,3,587986,50
311,2,3,5693148271,50
312,3,2,661212085,51
313,2,4,4503375511,50
314,2,3,2368645814,51
315,2,2,433999746,51
316,1,1,1861162824,50
317,3,1,151237840,51
318,2,3,3975949167,51
319,2,3,3713147155,51
320,2,4,155430742,50
321,1,3,2456171474,52
322,1,3,2428741854,51
323,2,1,2429561600,51
324,1,3,1861162824,50
325,2,2,434003360,51
326,1,3,5007575716,50
327,3,1,457566799,51
328,3,1,4720621350,52
329,3,1,4720621350,52
330,1,3,4511369377,50
331,2,2,457039470,50
332,2,2,5041559143,50
333,2,3,2388985802,52
334,2,2,1707702759,53
335,1,3,4169839095,53
336,1,3,2388985802,53
337,1,3,434003360,53
338,1,3,5380800139,53
339,2,2,2456171474,53
340,1,3,4511232877,54
341,1,3,494732460,53
342,1,3,2388985802,53
343,2,4,4171939998,53
344,2,2,1953466373,54
345,1,3,60641219,53
346,2,4,2614771233,54
347,2,4,158849289,55
348,2,4,2466086489,54
349,2,2,155430742,55
350,2,4,3511262197,54
351,1,3,4636394712,55
352,2,2,458823898,54
353,2,3,2390933500,55
354,2,3,2456171474,55
355,1,3,2391261455,55
356,1,3,4636394712,55
357,1,3,155430742,55
358,2,2,4661263973,54
359,2,2,431359357,55
360,3,4,2453626790,54
361,1,3,1861162824,54
362,2,3,5134192209,55
363,2,3,145213151,54
364,1,3,494732460,43
365,1,3,5836292727,43
366,2,2,4511232877,43
367,2,4,2453626790,52
368,2,3,4511233393,52
369,1,2,674412665,43
370,2,2,5693148271,43
371,2,1,145213151,43
372,2,3,1953466373,52
373,2,2,2368186240,52
374,1,3,155430742,52
375,1,3,4464206528,52
376,1,3,434003360,57
377,2,2,433999746,43
378,1,3,4511369377,57
379,1,3,4617477446,57
380,1,3,4511232860,57
381,1,3,2577302644,57
382,1,3,4511369377,43
383,1,3,60685798,57
384,2,3,4213840943,57
385,2,2,3691961520,43
386,2,2,4011418243,59
387,1,3,3691961520,59
388,2,2,145213151,59
389,3,1,2453466204,59
390,2,4,2391261455,59
391,3,5,4511232877,59
392,3,2,445062416,59
393,3,2,2388985802,59
394,2,2,5134192209,46
395,2,4,2453466173,59
396,2,2,2388985802,46
397,2,1,5062832309,46
398,3,1,151237840,46
399,2,4,434003360,46
400,2,4,1944519979,46
401,2,2,4503375511,46
402,2,4,4169839095,46
403,2,2,4511233393,46
404,2,2,4251744626,46
405,2,4,1861162824,59
406,2,2,458823898,61
407,1,3,1819616338,61
408,2,2,433999746,61
409,2,3,5380800139,61
410,1,3,2578181684,61
411,2,2,157188525,61
412,1,3,4213840943,61
413,2,2,1707702759,61
414,1,3,3511262197,61
415,1,3,81328392,61
416,1,3,2456171474,62
417,2,2,60685798,62
418,3,1,4511233393,62
419,2,4,433999397,62
420,2,3,674412665,62
421,2,3,674412665,62
422,2,3,2368645814,63
423,3,4,2453626790,63
424,2,4,4511233393,63
425,3,5,1707671665,63
426,1,3,3975949167,63
427,3,1,5041559143,63
428,2,4,418517401,63
429,2,2,60634918,63
430,3,1,2578181761,63
431,3,1,2453466204,62
432,3,1,2453466204,62
433,2,2,1861162824,63
434,2,2,445798502,62
435,2,2,4720621350,62
436,2,4,2447177930,65
437,2,5,4661263973,65
438,2,2,2368186240,65
439,1,3,145213151,65
440,2,1,4511369377,65
441,1,3,81328392,65
442,2,2,60685798,65
443,1,3,2578181684,65
444,2,2,5693148271,65
445,2,2,2537137968,65
446,2,2,2391261455,67
447,1,3,2390933487,67
448,1,3,661211979,67
449,1,3,1955039930,67
450,3,1,155430742,67
451,1,3,2578181761,67
452,2,4,4511233393,67
453,2,4,2453626790,67
454,1,3,2578181761,67
455,1,3,2466086489,67
456,1,3,457039470,68
457,2,3,1861162824,68
458,1,3,4511170989,68
459,1,3,4464206528,68
460,3,1,1417693202,68
461,1,3,4617477446,68
462,1,3,3713147155,68
463,1,3,4617477446,68
464,2,4,1953466373,68
465,1,3,2466086489,68
466,2,3,2456171474,69
467,2,3,1707702759,69
468,2,4,445798502,69
469,2,3,60685798,69
470,1,3,81328392,69
471,1,3,2391261455,69
472,2,2,2429561600,69
473,2,2,2390933500,69
474,1,3,60685762,69
475,1,3,2466086489,69
476,3,3,1832159388,70
477,1,3,4210971649,70
478,1,3,4210971649,70
479,3,3,1707671665,70
480,2,3,3633048524,70
481,2,3,60685798,70
482,3,3,457039470,70
483,2,3,4251744626,70
484,1,3,2428741854,70
485,3,3,2391088205,70
486,2,3,4011418243,71
487,2,3,4636394712,71
488,2,3,3241673971,71
489,2,3,494732460,71
490,2,3,661211979,71
491,3,3,445062416,71
492,1,3,60686029,71
493,3,3,1944519979,71
494,2,3,4464206528,71
495,2,3,4011418243,71
496,2,3,5380800139,72
497,2,3,457559088,72
498,1,3,3241673971,72
499,2,2,2453466204,72
500,2,4,457039470,72
501,2,4,151237840,72
502,2,3,2453626790,72
503,1,3,4511170989,72
504,2,3,60609604,72
505,2,3,3633048524,73
506,1,3,3633048524,72
507,2,4,434003360,74
508,3,4,5619807558,74
509,3,4,1417693202,74
510,3,3,1417693202,74
511,2,4,6334110850,74
512,1,3,60685611,74
513,1,3,2880899702,74
514,2,4,457046790,74
515,2,4,661211979,74
516,2,4,60634918,74
517,1,3,3511262197,75
518,3,1,445062416,75
519,1,3,2466086489,75
520,2,2,4636394712,75
521,1,3,4511232860,75
522,3,4,2522075527,75
523,2,2,5693148271,75
524,1,3,2880899702,75
525,3,1,4636394712,75
526,1,3,1832159388,75
527,1,3,4210971649,77
528,1,3,81328392,77
529,2,4,1819616338,77
530,2,2,4210971649,77
531,1,3,4511233398,77
532,3,4,151237840,77
533,1,3,2390933487,77
534,2,2,445062416,77
535,3,4,151237840,77
536,2,3,2390933500,78
537,2,3,60686029,79
538,2,3,5134192209,79
539,2,3,1861162824,80
540,1,3,4661263973,79
541,2,3,2466086489,80
542,1,3,3691961520,79
543,2,3,4511233398,80
544,2,2,4251881446,79
545,3,2,1417693202,80
546,1,3,4213840943,79
547,2,5,2429561600,80
548,1,3,2368645814,79
549,2,3,60641219,80
550,2,3,433999746,80
551,3,2,3633048524,79
552,2,3,158849289,80
553,2,2,3511262197,79
554,2,2,457039470,79
555,2,2,4251744626,80
556,2,2,2368186240,80
557,2,3,5380800139,83
558,2,3,4511232860,83
559,2,3,4661263973,83
560,2,2,2368186240,83
561,3,2,457566799,83
562,2,4,661211979,83
563,2,3,4011418243,83
564,3,2,3400696852,83
565,2,3,2466086489,83
566,1,3,2352453475,83
567,2,4,2578181761,84
568,2,2,2390933487,84
569,2,3,3241673971,84
570,1,3,3633048524,85
571,1,3,4617477446,85
572,2,2,4617477446,84
573,1,3,674412665,85
574,1,3,4661263973,85
575,1,3,2456171474,85
576,1,3,2466086489,85
577,1,3,4511232860,85
578,2,3,1944519979,84
579,3,5,5693148271,84
580,2,2,5041559143,84
581,2,3,3713147155,84
582,2,2,2522075527,84
583,3,1,1417693202,84
584,2,2,2537137968,88
585,2,3,145213151,88
586,2,2,458823898,88
587,2,3,151237840,88
588,2,4,3975949167,88
589,2,2,4617477446,88
590,2,4,5505717309,88
591,2,2,433999397,88
592,2,1,2352453475,88
593,2,2,1464777101,88
594,1,3,5381067458,90
595,1,3,4251881446,90
596,2,4,1953466373,90
597,2,3,4511232860,90
598,2,3,60641219,90
599,2,3,5081679742,90
600,2,3,81328392,90
601,3,2,2390933500,90
602,3,1,2522075527,90
603,2,4,158844652,90
604,2,2,5505717309,91
605,2,2,2368186240,91
606,2,1,5836292727,91
607,3,4,60609604,91
608,2,2,2428741854,91
609,2,2,158844652,91
610,3,4,60609604,91
611,3,5,587986,91
612,2,4,2578181761,91
613,3,5,433999746,91
614,2,4,4661263973,93
615,2,3,1707671665,93
616,1,3,2428741854,93
617,1,3,2391088205,93
618,1,3,4511233398,93
619,2,4,4661263973,93
620,1,3,60685603,93
621,1,3,4213840943,93
622,1,3,2368645814,93
623,2,2,2453466204,93
624,2,4,81328392,95
625,2,3,494732460,95
626,2,3,1953466373,95
627,2,2,5693148271,95
628,2,4,2522075527,95
629,2,3,60641511,95
630,2,3,2456171474,95
631,2,4,1832159388,95
632,1,3,457559088,95
633,2,2,445798502,95
634,3,3,60641219,96
635,3,3,674412665,96
636,2,3,60641219,96
637,2,2,1953466373,97
638,1,3,1464777101,97
639,2,2,4511232860,97
640,2,4,2395144766,97
641,3,1,4251744626,97
642,2,4,148623754,97
643,1,3,60686029,97
644,2,3,60685798,97
645,2,2,445798502,97
646,2,4,2578181761,97
647,1,3,494732460,98
648,3,2,1417693202,98
649,3,4,151237840,98
650,1,3,2456171474,98
651,1,3,60685611,98
652,2,4,4169839095,98
653,1,3,2578181684,98
654,2,1,445062416,98
655,1,3,4210971649,98
656,2,2,3691961520,98
657,2,3,81328392,100
658,1,3,2578181761,99
659,2,3,5693148271,101
660,1,3,4213840943,100
661,1,3,1955039930,100
662,2,2,5505717309,101
663,1,3,4011418243,100
664,2,4,4511233398,100
665,3,5,1707671665,100
666,1,3,2352453475,100
667,2,2,457046790,100
668,2,5,494732460,100
669,3,1,457566799,100
670,1,3,4511232877,99
671,3,4,1832159388,99
672,1,3,2368645814,99
673,1,3,4511232860,99
674,1,3,494732460,99
675,2,2,5134192209,99
676,2,4,60685762,99
677,2,2,1707702759,99
678,1,3,2391088205,102
679,2,3,4176940153,99
680,1,3,445798502,102
681,2,2,2391088205,102
682,2,4,2615152015,102
683,2,2,4171939998,102
684,2,4,1464777101,102
685,3,2,457046790,102
686,2,2,2466086489,102
687,2,2,4251744626,102
688,2,4,3691961520,102
689,1,3,60685603,104
690,2,2,2456171474,104
691,1,3,1944519979,104
692,2,3,4511233393,104
693,1,3,4511233398,104
694,1,3,3691961520,104
695,3,1,3400696852,104
696,1,3,2880899702,104
697,3,1,2390933500,104
698,2,2,4511170989,104
699,1,3,2453466173,101
700,2,3,1417693202,101
701,2,3,60685611,105
702,1,3,158849289,101
703,1,3,494732460,101
704,2,2,5134192209,105
705,1,3,1819616338,101
706,3,4,1953466373,101
707,3,4,445062416,101
708,2,3,4511233398,101
709,2,1,5134192209,107
710,2,1,60641219,107
711,2,1,60641219,107
712,2,3,418517401,107
713,2,3,433999746,107
714,2,3,2352453475,107
715,2,4,2522075527,107
716,1,3,158849289,107
717,3,3,418517401,107
718,1,3,674412665,107
719,1,3,1464777101,109
720,1,3,418517401,109
721,1,3,4251744626,109
722,1,3,5062832309,109
723,2,2,2391088205,109
724,1,3,1819616338,109
725,1,3,2388985802,109
726,2,2,433999746,109
727,2,4,1953466373,109
728,1,3,2391088205,109
729,2,3,457039470,111
730,2,4,2522075527,111
731,3,4,2453626790,111
732,2,3,4176940153,111
733,3,1,445062416,111
734,1,3,494732460,111
735,2,3,5041559143,111
736,3,1,1707671665,111
737,3,2,457566799,111
738,3,2,5693148271,111
739,1,3,2428741854,113
740,2,4,148623754,113
741,1,3,60641219,113
742,2,4,445798502,113
743,1,3,3713147155,113
744,2,1,433999397,113
745,2,4,158849289,113
746,1,3,2578181684,113
747,2,2,5062832309,113
748,2,5,4213840943,113
749,1,3,2537137968,116
750,1,3,674412665,116
751,1,3,60686029,116
752,2,2,433999397,116
753,1,3,1955039930,116
754,2,4,60609604,116
755,1,3,60685603,116
756,1,3,4511233398,116
757,2,2,4511233393,116
758,3,2,157188525,116
759,1,3,3241673971,118
760,1,3,60685611,118
761,1,3,145213151,118
762,1,3,418517401,118
763,2,3,5380800139,118
764,2,3,2447177930,118
765,1,3,5081679742,118
766,1,3,60641511,118
767,2,2,661212085,118
768,2,2,457566799,118
769,2,4,5380800139,134
770,1,2,60641219,134
771,2,4,1955039930,134
772,1,2,60641219,134
773,2,4,5619807558,134
774,1,5,60634918,134
775,2,4,60641511,134
776,2,4,2391088205,134
777,1,2,2615152015,134
778,1,2,5081679742,134
779,1,3,2428741854,136
780,1,3,2390933487,136
781,1,3,2614771233,136
782,2,2,60685762,136
783,2,1,445062416,136
784,2,2,60634918,136
785,1,3,457039470,136
786,1,3,2447177930,124
787,2,4,2453626790,136
788,1,3,2390933487,136
789,1,3,5381067458,124
790,1,3,2614771233,136
791,1,3,4464206528,137
792,2,2,2578181684,124
793,2,2,3713147155,124
794,3,2,158844652,137
796,3,5,148623754,124
798,1,3,431359357,124
800,1,3,5380800139,124
803,3,2,158844652,137
805,1,3,5505717309,137
806,1,3,4511170989,137
808,2,3,2578181761,139
811,2,3,3400696852,139
813,1,3,5381067458,139
815,2,4,5619807558,139
817,1,3,2428741854,139
819,2,2,457566799,141
821,1,2,60685611,141
823,3,4,587986,141
825,3,2,158844652,141
826,2,2,2453626790,141
828,1,3,5836292727,141
829,1,3,661212085,142
831,1,3,4511232877,142
833,2,4,4511369377,142
835,3,1,458823898,142
837,2,3,2447177930,142
839,2,2,2390933500,143
841,2,4,2390933487,143
843,2,3,4171939998,143
845,1,3,4661263973,143
847,1,3,2391261455,143
849,2,3,433999397,144
851,2,3,5380800139,144
795,2,4,60609604,124
797,1,3,158844652,124
799,2,3,3241673971,137
801,2,4,2368645814,124
802,2,3,4511233393,137
804,1,3,2615152015,137
807,2,2,457039470,137
809,2,4,5619807558,137
810,2,4,457039470,139
812,1,3,2368645814,139
814,1,3,2615152015,139
816,2,3,2391088205,139
818,1,3,60686029,139
820,1,3,418517401,141
822,2,3,1944519979,141
824,2,3,4251881446,141
827,1,3,661211979,141
830,1,3,1464777101,142
832,2,4,2453466204,142
834,1,3,2614771233,142
836,2,3,434003360,142
838,2,2,4251744626,142
840,3,2,157188525,143
842,1,3,5081679742,143
844,2,2,4011418243,143
846,2,4,148623754,143
848,2,2,462002040,143
850,1,3,5062832309,144
852,2,2,5041559143,144
853,2,3,5380800139,144
854,2,3,60641511,144
855,2,3,587986,144
856,2,3,661212085,144
857,2,2,4511369377,144
858,1,3,2352453475,144
859,3,4,1707671665,145
860,2,2,3713147155,145
861,2,1,60685762,145
862,1,3,2880899702,145
863,2,3,5007575716,145
864,2,3,4511232877,145
865,2,4,2578181761,145
866,3,2,1832159388,145
867,2,3,1944519979,145
868,2,3,1707702759,145
869,2,3,4011418243,146
870,1,3,1707671665,148
871,2,4,3713147155,148
872,2,4,158849289,148
873,2,2,4171939998,148
874,2,3,2391261455,148
875,2,2,3975949167,148
876,1,3,2352453475,148
877,1,3,3511262197,148
878,2,4,158849289,148
879,1,3,434003360,148
880,1,3,3511262197,149
881,2,2,155430742,149
882,1,3,674412665,149
883,1,3,3241673971,149
884,1,3,4636394712,149
885,2,3,4617477446,149
886,1,3,3975949167,149
887,1,3,4011418243,149
888,2,2,60634918,149
889,1,3,457566799,149
890,2,2,5505717309,152
891,1,3,2453626790,154
892,1,3,2453466173,154
893,2,2,158844652,152
894,1,4,1955039930,154
895,2,4,4661263973,152
896,1,3,2368645814,154
897,1,3,2352453475,152
898,2,3,433999746,154
899,1,3,3713147155,154
900,2,5,158849289,152
901,2,4,4169839095,152
902,2,2,4213840943,152
903,2,1,1707702759,152
904,1,3,60686029,152
905,1,3,494732460,152
906,2,3,1955039930,159
907,1,3,1944519979,159
908,2,4,5062832309,159
909,2,2,4720621350,159
910,2,4,1464777101,159
911,1,3,4176940153,159
912,2,2,661212085,159
913,1,3,2447177930,159
914,1,3,4636394712,159
915,1,3,4511170989,159
916,2,3,4503375511,160
917,1,3,4511232877,160
918,1,3,2578181684,160
919,2,3,2368645814,160
920,2,3,2428741854,160
921,2,2,2368186240,160
922,1,3,3241673971,160
923,1,3,60634918,160
924,1,3,2368186240,160
925,1,3,2428741854,160
926,1,3,1464777101,161
927,2,2,4511369377,161
928,2,2,661211979,161
929,3,1,158844652,161
930,1,3,6334110850,161
931,2,3,5007575716,161
932,2,2,4511369377,161
933,1,3,3975949167,161
934,1,3,2614771233,161
935,1,3,2578181761,161
936,2,2,60686029,162
937,1,3,4464206528,162
938,1,3,5062832309,162
939,2,4,2453466173,162
940,1,3,661211979,163
941,2,3,457559088,165
942,1,3,60685603,165
943,2,3,1944519979,165
944,2,3,4464206528,165
945,2,3,4464206528,165
946,1,3,5836292727,165
947,2,2,5081679742,163
948,2,2,5081679742,163
949,3,2,457046790,165
950,1,3,1464777101,165
951,1,3,2453466173,165
952,2,3,4251881446,165
953,2,2,3713147155,163
954,1,3,6334110850,163
955,1,3,2615152015,163
956,1,3,4511233398,163
957,3,1,157188525,163
958,2,2,60685603,163
959,2,2,60685603,163
960,2,2,158844652,167
962,1,3,148623754,167
964,3,2,2429561600,20
966,2,3,2390933500,20
967,2,2,457559088,168
969,2,3,4720621350,168
971,1,3,2453466173,168
973,2,1,2453466204,168
975,2,2,5041559143,168
961,1,3,2578181684,167
963,2,2,457046790,167
965,1,3,2614771233,20
968,3,1,157188525,168
970,2,4,60685611,168
972,1,3,2577302644,168
974,2,5,2522075527,168
976,2,2,5041559143,168
977,2,3,1944519979,170
978,2,3,1944519979,170
979,1,3,2880899702,170
980,2,2,2615152015,170
981,2,2,2453466204,170
982,1,3,60685611,170
983,2,4,2447177930,170
984,1,3,3241673971,170
985,3,5,5836292727,170
986,1,3,60685798,170
987,1,3,5836292727,171
988,2,3,4176940153,171
989,2,3,4251881446,173
990,2,3,4511170989,173
991,2,4,2522075527,175
992,2,3,6334110850,175
993,2,3,431359357,175
994,1,3,2537137968,175
995,1,3,418517401,175
996,2,3,5619807558,175
997,2,2,60685762,175
998,2,4,5081679742,175
999,2,3,155430742,175
1000,2,4,661212085,175
1001,2,4,4169839095,176
1002,1,3,4171939998,176
1003,1,3,4251881446,176
1004,1,3,2447177930,176
1005,2,2,4213840943,176
1006,1,3,674412665,176
1007,1,3,60685798,176
1008,1,3,60685603,176
1009,1,3,4171939998,176
1010,1,3,5062832309,176
1011,2,3,148623754,179
1012,1,3,60641511,179
1013,2,4,4464206528,179
1014,2,2,2390933500,179
1015,2,3,4251744626,179
1016,2,2,5041559143,179
1017,2,3,2429561600,179
1018,2,3,3633048524,179
1019,1,3,3975949167,179
1020,2,1,4720621350,179
1021,1,3,2577302644,164
1022,2,3,2390933487,164
1023,2,3,457559088,164
1024,1,3,4511170989,164
1025,2,4,60609604,164
1026,2,4,2447177930,180
1027,1,3,4511369377,180
1028,2,1,2429561600,180
1029,1,3,60634918,180
1030,1,3,2615152015,180
1031,3,1,2429561600,180
1032,2,2,5081679742,180
1033,1,3,60609604,180
1034,1,3,5619807558,180
1035,1,3,5041559143,180
1036,2,2,5619807558,181
1037,2,2,5041559143,181
1038,2,4,60609604,181
1039,1,3,1819616338,181
1040,2,4,60609604,181
1041,2,2,5007575716,181
1042,2,2,60685762,181
1043,2,2,5505717309,181
1044,2,2,457559088,181
1045,2,4,4617477446,181
1046,2,3,1417693202,182
1047,2,2,2429561600,182
1048,2,3,3400696852,182
1049,1,3,4823032893,182
1050,3,2,157188525,182
1051,2,3,661212085,182
1052,2,2,2390933500,182
1053,2,4,4176940153,183
1054,3,1,462002040,183
1055,2,4,2395144766,183
1056,1,3,5007575716,183
1057,2,2,458823898,183
1058,1,3,1819616338,183
1059,2,3,2390933487,183
1060,2,3,5619807558,183
1061,2,4,2453466173,183
1062,3,4,148623754,183
1063,2,3,1417693202,184
1064,2,4,157188525,184
1065,2,2,60685762,184
1066,1,3,661212085,184
1067,2,4,2615152015,184
1068,1,3,2391261455,184
1069,1,3,4213840943,184
1070,1,3,661212085,184
1071,1,3,431359357,184
1072,2,5,2395144766,184
1073,2,4,60685762,185
1074,1,3,1955039930,185
1075,2,2,2429561600,185
1076,2,3,6334110850,185
1077,2,3,5007575716,185
1078,1,3,5836292727,185
1079,2,2,418517401,185
1080,2,2,4171939998,185
1081,2,3,431359357,185
1082,2,3,5007575716,185
1083,1,3,3633048524,186
1084,2,3,1819616338,186
1085,1,3,4213840943,186
1086,3,2,5007575716,186
1087,2,4,2453466173,186
1088,2,2,4823032893,186
1089,2,2,2395144766,186
1090,2,4,2390933500,186
1091,1,3,2537137968,186
1092,2,4,5505717309,186
1093,2,4,3400696852,187
1094,1,3,5505717309,187
1095,2,4,1707671665,187
1096,2,3,4503375511,187
1097,2,3,5007575716,187
1098,1,3,2453466173,187
1099,1,3,431359357,187
1100,1,3,4511170989,187
1101,1,3,4823032893,187
1102,2,2,1832159388,187
1103,2,3,3511262197,188
1104,2,2,587986,188
1105,2,3,457559088,188
1107,1,3,431359357,189
1109,2,3,5081679742,189
1111,2,4,60609604,189
1113,2,2,60685798,189
1106,2,3,148623754,189
1108,1,3,2614771233,189
1110,1,3,60685611,189
1112,1,3,60685603,189
1114,1,3,2578181684,189
1115,2,4,60641511,189
1116,2,3,2577302644,191
1117,2,3,2577302644,191
1118,1,3,4511170989,191
1119,1,3,4511170989,191
1120,2,3,4169839095,191
1121,1,3,418517401,191
1122,2,3,2537137968,191
1123,2,3,674412665,191
1124,2,3,674412665,191
1125,2,2,60641511,192
1126,1,3,60685798,192
1127,3,4,4503375511,192
1128,2,5,2447177930,192
1129,3,1,157188525,192
1130,2,3,4176940153,192
1131,1,3,5081679742,192
1132,1,3,418517401,192
1133,3,1,157188525,192
1134,1,3,1819616338,192
1135,3,2,60641511,194
1136,3,1,4720621350,194
1137,2,4,1832159388,194
1138,2,2,4176940153,194
1139,2,4,2395144766,194
1140,1,3,2537137968,194
1141,2,2,4720621350,194
1142,2,2,2391261455,194
1143,2,4,1832159388,194
1144,2,4,1832159388,194
1145,2,3,2880899702,196
1146,2,2,457559088,196
1147,2,3,3633048524,196
1148,2,4,4823032893,196
1149,2,3,587986,196
1150,1,3,2614771233,196
1151,2,3,6334110850,196
1152,1,3,3975949167,196
1153,2,2,4171939998,196
1154,3,4,4720621350,196
1155,2,2,6334110850,198
1156,1,3,3975949167,198
1157,2,2,148623754,198
1158,1,3,458823898,198
1159,2,2,462002040,198
1160,2,2,2577302644,198
1161,1,3,4176940153,198
1162,2,3,2395144766,198
1163,2,3,2395144766,198
1164,1,3,60634918,198
1165,1,3,3633048524,199
1166,1,3,2577302644,199
1167,2,2,4823032893,199
1168,3,4,1707671665,199
1169,1,3,1819616338,199
1170,2,2,4823032893,199
1171,3,1,4503375511,199
1172,3,1,462002040,199
1173,2,3,2453466173,199
1174,2,3,2880899702,199
1175,2,3,2880899702,200
1176,2,3,60685762,200
1177,1,3,1819616338,200
1178,2,3,2880899702,200
1179,3,2,157188525,200
1180,2,2,457046790,200
1181,2,4,4169839095,200
1182,1,3,2614771233,200
1183,2,3,4176940153,200
1184,2,4,6334110850,200
1185,1,3,3511262197,201
1186,2,3,3633048524,201
1187,2,4,4171939998,201
1188,2,3,4176940153,201
1189,2,3,4823032893,201
1190,2,2,458823898,202
1191,2,2,457046790,202
1192,1,3,2577302644,202
1193,3,1,462002040,202
1194,2,2,457046790,202
1195,3,1,462002040,202
1196,2,4,4169839095,203
1197,2,2,458823898,203
1198,2,3,6334110850,203
1199,2,3,4503375511,203
1200,1,3,3511262197,203
1201,1,4,2395144766,203
1202,2,3,3400696852,204
1203,2,3,458823898,204
1204,1,3,4823032893,204
1205,1,3,4823032893,204
1206,1,3,60634918,204
1207,2,4,4169839095,204
1208,1,3,2395144766,204
1209,2,4,4503375511,204
1210,2,4,3400696852,204
1211,2,2,462002040,204
